c-barq N,question,c-barq(s) N,question,c-barq(RU) N,question
1,"When off the leash, returns immediately when called.",,,1,"Будучи спущенной с поводка, сразу возвращается на зов."
2,"Obeys the ""sit"" command immediately.",27,"Obeys a ""sit"" command immediately.",2,Сразу выполняет команду сидеть.
3,"Obeys the ""stay"" command immediately.",28,"Obeys a ""stay"" command immediately.",3,Сразу выполняет команду жди.
4,Seems to attend/listen closely to everything you say or do.,,,4,"Кажется, внимательно слушает всё, что вы скажете, и следит за каждым вашим движением."
5,"Slow to respond to correction or punishment; ""thick-skinned"".",,,5,Одёргивание поводком или окрик не приводят к быстрой реакции; «толстокожая».
6,Slow to learn new tricks or tasks.,,,6,Медленно учится новым командам и осваивает новые навыки.
7,"Easily distracted by interesting sights, sounds, or smells.",29,"Easily distracted by interesting sights, sounds or smells.",7,"Легко отвлекается на новые объекты, звуки или запахи."
8,"Will ""fetch"" or attempt to fetch sticks, balls, or objects.",,,8,"Приносит или пытается принести брошенные вами палки, мячи или другие предметы."
9,"When verbally corrected or punished (scolded, shouted at, etc.) by you or a household member.",,,9,"Когда вы или члены вашей семьи одёргиваете поводком или делаете резкое замечание собаке (ругаетесь, кричите, и т.д.)."
10,When approached directly by an unfamiliar adult while being walked/exercised on a leash.,3,When approached directly by an unfamiliar person while being walked/exercised on a leash.,10,"Когда к вам приближается незнакомый взрослый человек, в то время как собака на поводке и вы гуляете или занимаетесь с ней на улице."
11,When approached directly by an unfamiliar child while being walked/exercised on a leash.,,,11,"Когда к вам приближается незнакомый ребёнок, в то время как собака на поводке и вы гуляете или занимаетесь с ней на улице."
12,"Toward unfamiliar persons approaching the dog while s/he is in your car (at the gas station, for example).",,,12,"По отношению к незнакомым людям, приближающимся к собаке, когда она находится в вашей машине (например, на заправочной станции)."
13,"When toys, bones or other objects are taken away by a household member.",4,"When toys, bones or other objects are taken away by a household member.",13,"Когда вы или кто-нибудь из членов вашей семьи забирает у собаки игрушки, кости или другие предметы."
14,When bathed or groomed by a household member.,,,14,Когда вы или кто-нибудь из членов семьи купает или расчёсывает собаку.
15,When an unfamiliar person approaches you or another member of your family at home.,,,15,"При приближении к вам или другим членам вашей семьи незнакомого собаке человека, когда вы находитесь дома."
16,When unfamiliar persons approach you or another member of your family away from your home.,,,16,"При приближении незнакомца к вам или другим членам вашей семьи, когда вы вне вашего дома и находитесь не прямо рядом с домом."
17,When approached directly by a household member while s/he is eating.,5,When approached directly by a household member while s/he (the dog) is eating.,17,"Если вы или члены вашей семьи подходят к собаке, когда она ест."
18,When mailmen or other delivery workers approach your home.,6,When mailmen or other delivery workers approach your home.,18,"При приближении к вашему дому почтальона, работника службы доставки или другого незнакомого человека, который регулярно бывает у вашего дома."
19,When his/her food is taken away by a household member.,7,When his/her food is taken away by a household member.,19,Когда вы или кто-нибудь из членов вашей семьи пытается забрать еду у собаки.
20,When strangers walk past your home while your dog is outside or in the yard.,9,When strangers walk past your home when your dog is outside or in the yard.,20,"Когда незнакомые люди проходят мимо вашего дома, в то время как ваша собака поблизости от дома или в саду."
21,When an unfamiliar person tries to touch or pet the dog.,,,21,Когда незнакомый человек пытается дотронуться до собаки или погладить её.
22,"When joggers, cyclists, rollerbladers or skateboarders pass your home while your dog is outside or in the yard.",,,22,"Когда мимо вашего дома пробегают люди, проезжают велосипедисты, люди на роликовых коньках или скейтбордах, и ваша собака в это время находится поблизости от дома или в саду."
23,When approached directly by an unfamiliar male dog while being walked/exercised on a leash.,8,When approached directly by an unfamiliar dog while being walked/exercised on a leash.,23,"Когда собака на поводке, и вы гуляете или занимаетесь с ней на улице, а к вам приближается незнакомый кобель."
24,When approached directly by an unfamiliar female dog while being walked/exercised on a leash.,8,When approached directly by an unfamiliar dog while being walked/exercised on a leash.,24,"Когда собака на поводке, и вы гуляете или занимаетесь с ней на улице, а к вам приближается незнакомая сука."
25,When stared at directly by a member of the household.,,,25,Когда вы или кто-нибудь из членов семьи пристально смотрит на собаку.
26,Toward unfamiliar dogs visiting your home.,,,26,"По отношению к незнакомой собаке, хозяину которой вы открыли дверь или которую привели в гости в ваш дом."
27,"Toward cats, squirrels or other animals entering your yard.",,,27,"По отношению к кошкам, белкам и другим мелким животным, попавшим в ваш сад."
28,Toward unfamiliar persons visiting your home.,,,28,"По отношению к человеку, незнакомому вашей собаке, которому вы открыли дверь или который зашёл к вам в гости."
29,"When barked, growled, or lunged at by another (unfamiliar) dog.",10,"When barked, growled, or lunged at by another (unfamiliar) dog.",29,"Когда другая (незнакомая) собака лает, рычит и бросается."
30,When stepped over by a member of the household.,,,30,Когда вы или кто-нибудь из членов семьи перешагнули через собаку.
31,When you or a household member retrieves food or objects stolen by the dog.,,,31,"Когда вы или кто-нибудь из членов вашей семьи забирает еду или вещь, украденные собакой."
32,Towards another (familiar) dog in your household.,,,32,По отношению к другой (знакомой) собаке в вашей семье.
33,When approached at a favorite resting/sleeping place by another (familiar) household dog.,,,33,"Когда другая (знакомая) собака, которая тоже живёт у вас, приближается к его или её любимому месту отдыха или сна."
34,When approached while eating by another (familiar) household dog.,11,When approached while eating by another (familiar) household dog (leave blank if no other dogs).,34,"Когда во время еды приближается другая (знакомая) собака, которая тоже живёт у вас."
35,"When approached while playing with/chewing a favorite toy, bone, object, etc., by another (familiar) household dog.",12,"When approached while playing with/chewing a favorite toy, bone, object, etc., by another (familiar) household dog (leave blank if no other dogs).",35,"Если собака играет или грызёт любимую игрушку, кость или другой предмет, и в это время подходит другая (знакомая) собака из вашей семьи."
36,When approached directly by an unfamiliar adult while away from your home.,13,When approached directly by an unfamiliar person while away from your home.,36,"При приближении незнакомого взрослого человека, когда собака вне вашего дома, но и не прямо рядом с домом."
37,When approached directly by an unfamiliar child while away from your home.,,,37,"При приближении незнакомого ребёнка, когда собака вне вашего дома, но и не прямо рядом с домом."
38,"In response to sudden or loud noises (e.g. vacuum cleaner, car backfire, road drills, objects being dropped, etc.).",14,"In response to sudden or loud noises (e.g. thunder, vacuum cleaner, car backfire, road drills, objects being dropped, etc.).",38,"В ответ на внезапные или громкие звуки (например, шум пылесоса, звуки взрывов в выхлопной трубе автомобиля или мотоцикла, грохот дорожных работ, падающих предметов и т. д.)."
39,When unfamiliar persons visit your home.,,,39,"Когда вы открываете дверь человеку, незнакомому вашей собаке, или он заходит к вам в гости."
40,When an unfamiliar person tries to touch or pet the dog.,15,When an unfamiliar person tries to touch or pet the dog.,40,Когда незнакомый человек пытается дотронуться до собаки или погладить её.
41,In heavy traffic.,,,41,"В шумной и неспокойной обстановке (например, в толпе, при оживлённом дорожном движении и т.д.)."
42,"In response to strange or unfamiliar objects on or near the sidewalk (e.g. plastic trash bags, leaves, litter, flags flapping, etc.).",16,"In response to strange or unfamiliar objects on or near the sidewalk (e.g. plastic trash bags, leaves, litter, flags flapping, etc.).",42,"При обнаружении странных или незнакомых вещей во время прогулки, расположенных вдоль вашего маршрута или где-то рядом (например, пластиковые мешки для мусора, кучи листьев, хлам, развевающиеся флаги и т.д.)."
43,When examined/treated by a veterinarian.,,,43,Когда ветеринар проводит осмотр или выполняет процедуры.
44,"During thunderstorms, firework displays, or similar events.",,,44,"Во время грозы, фейерверков и других подобных событий или явлений."
45,When approached directly by an unfamiliar dog of the same or larger size.,17,When approached directly by an unfamiliar dog.,45,Когда подходит незнакомая собака таких же размеров или крупнее.
46,When approached directly by an unfamiliar dog of smaller size.,,,46,Когда подходит незнакомая собака меньшего размера.
47,"When first exposed to unfamiliar situations (e.g. first car trip, first time in elevator, first visit to veterinarian, etc.).",18,"When first exposed to unfamiliar situations (e.g. first car trip, first time in elevator, first visit to veterinarian, etc.).",47,"При первом столкновении с незнакомой ситуацией (например, первая поездка в автомобиле, впервые в лифте, первый визит к ветеринару и т. д.)."
48,In response to wind or wind-blown objects.,,,48,Когда дует ветер или когда он что-то сдувает и несёт по воздуху.
49,When having nails clipped by a household member.,20,When having nails clipped by a household member.,49,Когда вы или кто-то из членов семьи стрижёт собаке когти.
50,When groomed or bathed by a household member.,21,When groomed or bathed by a household member.,50,Когда вы или кто-нибудь из членов семьи расчёсывает или купает собаку.
51,When stepped over by a member of the household.,,,,
52,When having his/her feet toweled by a member of the household.,,,51,Когда вы или кто-нибудь из членов семьи вытирает собаке лапы.
53,When unfamiliar dogs visit your home.,,,52,Когда незнакомую собаку приводят к вам в гости или вы просто открываете дверь человеку с незнакомой собакой.
54,"When barked, growled, or lunged at by an unfamiliar dog.",19,"When barked, growled, or lunged at by an unfamiliar dog.",53,"Когда незнакомая собака лает, рычит или бросается."
55,"Shaking, shivering, or trembling.",,,54,Дрожит от страха.
56,Excessive salivation.,,,55,Чрезмерное слюноотделение.
57,"Restlessness, agitation, or pacing.",22,Restlessness/agitation/pacing.,56,"Нервничает, беспокоится, взволнована, напряжённо суетится, часто дышит или ходит туда-сюда."
58,Whining.,23,Barking or whining.,57,Скулит.
59,Barking.,23,Barking or whining.,58,Лает.
60,Howling.,,,59,Воет.
61,"Chewing or scratching at doors, floor, windows, curtains, etc.",24,"Chewing/scratching at doors, floor, windows, curtains, etc.",60,"Грызёт или царапает дверь, пол, окно, шторы и т.д."
62,Loss of appetite.,,,61,Отказывается от еды.
63,When you or other members of the household come home after a brief absence.,,,62,Когда вы или другие члены вашей семьи приходите домой после короткого отсутствия.
64,When playing with you or other members of your household.,,,63,Когда собака играет с вами или другими членами вашей семьи.
65,When doorbell rings.,,,64,Когда звенит дверной звонок.
66,Just before being taken for a walk.,1,Just before being taken for a walk.,65,Незадолго до прогулки.
67,Just before being taken on a car trip.,2,Just before being taken on a car trip.,66,Незадолго до автомобильной поездки.
68,When visitors arrive at your home.,,,67,Когда к вам приходят гости.
69,Displays a strong attachment for one particular member of the household.,,,68,Демонстрирует сильную привязанность к одному конкретному члену семьи.
70,"Tends to follow you (or other members of the household) about the house, from room to room.",25,"Tends to follow you (or other members of the household) about the house, from room to room.",69,"Любит следовать за вами (или другими членами семьи) по дому, из комнаты в комнату."
71,"Tends to sit close to, or in contact with, you (or others) when you are sitting down.",26,"Tends to sit close to, or in contact with, you (or others) when you are sitting down.",70,"Как правило, сидит или лежит рядом с вами (или рядом с другим человеком), а, может быть, у вас на коленях или кладёт на них голову, или каким-нибудь другим способом поддерживает физический контакт, когда вы сидите."
72,"Tends to nudge, nuzzle or paw you (or others) for attention when you are sitting down.",,,71,"Как правило, трётся, тычет вас (или других) носом или трогает лапой, чтобы привлечь внимание, когда вы сидите."
73,"Becomes agitated (whines, jumps up, tries to intervene) when you (or others) show affection for another person.",,,72,"Становится возбужденным (скулит, вскакивает, пытается помешать), когда вы (или другие) проявляют расположение к другому человеку."
74,"Becomes agitated (whines, jumps up, tries to intervene) when you (or others) show affection for another dog or animal.",,,73,"Становится возбужденным (скулит, вскакивает, пытается помешать), когда вы (или другие) проявляют расположение к другой собаке или какому-нибудь животному."
75,Chases or would chase cats given the opportunity.,,,74,"Гоняется за кошками или погонится, как только представится возможность."
76,Chases or would chase birds given the opportunity.,30,"Chases or would chase birds, given the chance.",75,"Гоняется за птицами или погонится, как только представится возможность."
77,"Chases or would chase squirrels, rabbits and other small animals given the opportunity.",31,"Chases or would chase squirrels, rabbits, etc., given the chance.",76,"Гоняется за белками, кроликами и другими мелкими животными или погонится, как только представится возможность."
78,Escapes or would escape from home or yard given the chance.,32,"Escapes or would escape from home or yard, given the chance.",77,"Убегает из дому или из сада, или убежит, если представится такая возможность."
79,"Rolls in animal droppings or other ""smelly"" substances.",,,78,Может изваляться в фекалиях или в чём-то вонючем.
80,Eats own or other animals' droppings or feces.,,,79,Ест фекалии (свои или каких-нибудь других животных).
81,Chews inappropriate objects.,33,Chews inappropriate objects.,80,"Грызёт предметы, которые не предназначены для этого."
82,"""Mounts"" objects, furniture, or people.",,,81,"Делает садки на вещи, мебель и людей (например, ноги), как при половом поведении."
83,Begs persistently for food when people are eating.,,,82,"Если люди едят, то, не переставая, выпрашивает."
84,Steals food.,,,83,Крадёт еду со стола.
85,Nervous or frightened on stairs.,,,84,"Нервничает или боится, когда поднимается или спускается по лестнице."
86,Pulls excessively hard when on the leash.,34,Pulls excessively hard when on the leash.,85,Очень сильно тянет поводок.
87,Urinates against objects/furnishings in your home.,35,Urinates against objects/furnishings in your home.,86,Мочится на вещи или мебель в вашем доме.
88,"Urinates when approached, petted, handled or picked up.",,,87,"Мочится, когда кто-нибудь подходит, гладит, треплет, или берёт на руки."
89,"Urinates when left alone at night, or during the daytime.",36,"Urinates when left alone at night, or during the daytime.",88,"Мочится, когда собаку оставляют одну ночью или днём."
90,"Defecates when left alone at night, or during the daytime.",37,"Defecates when left alone at night, or during the daytime.",89,"Испражняется, когда собаку оставляют одну ночью или днём."
91,"Hyperactive, restless, has trouble settling down.",38,"Hyperactive, restless, has trouble settling down.",90,"Гиперактивный, неугомонный, с трудом успокаивается."
92,"Playful, puppyish, boisterous.",39,"Playful, puppyish, boisterous.",91,"Игривый, шумный, ведёт себя как щенок."
93,"Active, energetic, always on the go.",40,"Active, energetic, always on the go.",92,"Активный, энергичный, всегда в движении."
94,Stares intently at nothing visible.,,,93,"Бывает, внимательно смотрит в пустоту."
95,Snaps at (invisible) flies.,,,94,"Клацает зубами, ловя невидимых мух."
96,Chases own tail/hind end.,41,Chases own tail/hind end.,95,Гоняется за своим хвостом.
97,"Chases/follows shadows, light spots, etc.",,,96,"Гоняется или ходит за тенями, солнечными зайчиками и т.д."
98,Barks persistently when alarmed or excited.,42,Barks persistently when alarmed or excited.,97,"Не переставая, лает, если встревожен или возбуждён."
99,Licks him/herself excessively.,,,98,Чрезмерно вылизывается.
100,Licks people or objects excessively.,,,99,Лижет людей и предметы.
101,"Displays other bizarre, strange, or repetitive behavior(s).",,,100,"Проявляет другие виды причудливого, странного, или повторяющегося (стереотипного) поведения."
